mysql> select * from persons;
+------+------------+-------------+-----------+--------------------+
| p_id | first_name | last_name   | address   | city               |
+------+------------+-------------+-----------+--------------------+
|    3 | raghu      | ram         | chennai   | chennai            |
|    1 | shilpa     | shetty      | telangana | hyderabad          |
|    2 | vijay      | devarakonda | karnataka | bangalore          |
|    4 | anushka    | sharma      | andhra    | vizag              |
|    5 | ram        | pothineni   | kerala    | thiruvananthapuram |
+------+------------+-------------+-----------+--------------------+
5 rows in set (0.00 sec)

mysql> select address from persons;
+-----------+
| address   |
+-----------+
| chennai   |
| telangana |
| karnataka |
| andhra    |
| kerala    |
+-----------+
5 rows in set (0.00 sec)

mysql> select * from persons where p_id=2;
+------+------------+-------------+-----------+-----------+
| p_id | first_name | last_name   | address   | city      |
+------+------------+-------------+-----------+-----------+
|    2 | vijay      | devarakonda | karnataka | bangalore |
+------+------------+-------------+-----------+-----------+
1 row in set (0.03 sec)